resume_text,category
"Strategic Product Manager with a track record of delivering user-friendly products. Experienced in agile methodologies, product roadmapping, customer research, and cross-functional team leadership.",Product Manager
"Experienced Software Developer with a strong background in building web applications. Highly skilled in Python, JavaScript, React, Node.js, and git. Passionate about algorithms and designing scalable backend architectures.",Software Engineer
"Meticulous Database Administrator with deep knowledge of database architecture, clustering, backup, and performance optimization. Expert in MySQL, PostgreSQL, and SQL scripting.",Database Administrator
"Dedicated Security Specialist with focus on information security, risk mitigation, and threat analysis. Skilled in network firewalls, penetration testing, cryptography, and server hardening.",Cybersecurity Specialist
"Results-driven Digital Marketer specialized in driving user growth through organic and paid media. Proficient in SEO, SEM, content strategy, Google Analytics, and running campaign structures.",Digital Marketer
"Experienced Software Developer with a strong background in building web applications. Highly skilled in Python, JavaScript, React, Node.js, and git. Passionate about algorithms and designing scalable backend architectures.",Software Engineer
"Creative UI/UX Designer specializing in user research, wireframing, and interactive prototyping. Proficient in Figma, Sketch, and Adobe Creative Suite. Dedicated to designing user-centric, aesthetically pleasing interfaces.",UI/UX Designer
"Results-driven Digital Marketer specialized in driving user growth through organic and paid media. Proficient in SEO, SEM, content strategy, Google Analytics, and running campaign structures.",Digital Marketer
"Creative UI/UX Designer specializing in user research, wireframing, and interactive prototyping. Proficient in Figma, Sketch, and Adobe Creative Suite. Dedicated to designing user-centric, aesthetically pleasing interfaces.",UI/UX Designer
"Strategic Product Manager with a track record of delivering user-friendly products. Experienced in agile methodologies, product roadmapping, customer research, and cross-functional team leadership.",Product Manager
"Creative UI/UX Designer specializing in user research, wireframing, and interactive prototyping. Proficient in Figma, Sketch, and Adobe Creative Suite. Dedicated to designing user-centric, aesthetically pleasing interfaces.",UI/UX Designer
"Experienced Software Developer with a strong background in building web applications. Highly skilled in Python, JavaScript, React, Node.js, and git. Passionate about algorithms and designing scalable backend architectures.",Software Engineer
"Creative UI/UX Designer specializing in user research, wireframing, and interactive prototyping. Proficient in Figma, Sketch, and Adobe Creative Suite. Dedicated to designing user-centric, aesthetically pleasing interfaces.",UI/UX Designer
"Strategic Product Manager with a track record of delivering user-friendly products. Experienced in agile methodologies, product roadmapping, customer research, and cross-functional team leadership.",Product Manager
"Creative UI/UX Designer specializing in user research, wireframing, and interactive prototyping. Proficient in Figma, Sketch, and Adobe Creative Suite. Dedicated to designing user-centric, aesthetically pleasing interfaces.",UI/UX Designer
"Experienced Software Developer with a strong background in building web applications. Highly skilled in Python, JavaScript, React, Node.js, and git. Passionate about algorithms and designing scalable backend architectures.",Software Engineer
"Detail-oriented Data Scientist with expertise in statistical analysis, machine learning, and data mining. Proficient in Python, SQL, Pandas, NumPy, and Scikit-learn. Adept at turning complex datasets into actionable business insights.",Data Scientist
"Meticulous Database Administrator with deep knowledge of database architecture, clustering, backup, and performance optimization. Expert in MySQL, PostgreSQL, and SQL scripting.",Database Administrator
"Meticulous Database Administrator with deep knowledge of database architecture, clustering, backup, and performance optimization. Expert in MySQL, PostgreSQL, and SQL scripting.",Database Administrator
"Meticulous Database Administrator with deep knowledge of database architecture, clustering, backup, and performance optimization. Expert in MySQL, PostgreSQL, and SQL scripting.",Database Administrator
"Results-driven Digital Marketer specialized in driving user growth through organic and paid media. Proficient in SEO, SEM, content strategy, Google Analytics, and running campaign structures.",Digital Marketer
"Reliable DevOps Engineer with extensive experience in cloud automation and infrastructure management. Hands-on with AWS, Docker, Kubernetes, CI/CD pipelines, and Linux administration. Focuses on automation and reliability.",DevOps Engineer
"Strategic Product Manager with a track record of delivering user-friendly products. Experienced in agile methodologies, product roadmapping, customer research, and cross-functional team leadership.",Product Manager
"Dedicated Security Specialist with focus on information security, risk mitigation, and threat analysis. Skilled in network firewalls, penetration testing, cryptography, and server hardening.",Cybersecurity Specialist
"Strategic Product Manager with a track record of delivering user-friendly products. Experienced in agile methodologies, product roadmapping, customer research, and cross-functional team leadership.",Product Manager
"Dedicated Security Specialist with focus on information security, risk mitigation, and threat analysis. Skilled in network firewalls, penetration testing, cryptography, and server hardening.",Cybersecurity Specialist
"Results-driven Digital Marketer specialized in driving user growth through organic and paid media. Proficient in SEO, SEM, content strategy, Google Analytics, and running campaign structures.",Digital Marketer
"Creative UI/UX Designer specializing in user research, wireframing, and interactive prototyping. Proficient in Figma, Sketch, and Adobe Creative Suite. Dedicated to designing user-centric, aesthetically pleasing interfaces.",UI/UX Designer
"Dedicated Security Specialist with focus on information security, risk mitigation, and threat analysis. Skilled in network firewalls, penetration testing, cryptography, and server hardening.",Cybersecurity Specialist
"Strategic Product Manager with a track record of delivering user-friendly products. Experienced in agile methodologies, product roadmapping, customer research, and cross-functional team leadership.",Product Manager
"Meticulous Database Administrator with deep knowledge of database architecture, clustering, backup, and performance optimization. Expert in MySQL, PostgreSQL, and SQL scripting.",Database Administrator
"Creative UI/UX Designer specializing in user research, wireframing, and interactive prototyping. Proficient in Figma, Sketch, and Adobe Creative Suite. Dedicated to designing user-centric, aesthetically pleasing interfaces.",UI/UX Designer
"Reliable DevOps Engineer with extensive experience in cloud automation and infrastructure management. Hands-on with AWS, Docker, Kubernetes, CI/CD pipelines, and Linux administration. Focuses on automation and reliability.",DevOps Engineer
"Dedicated Security Specialist with focus on information security, risk mitigation, and threat analysis. Skilled in network firewalls, penetration testing, cryptography, and server hardening.",Cybersecurity Specialist
"Strategic Product Manager with a track record of delivering user-friendly products. Experienced in agile methodologies, product roadmapping, customer research, and cross-functional team leadership.",Product Manager
"Dedicated Security Specialist with focus on information security, risk mitigation, and threat analysis. Skilled in network firewalls, penetration testing, cryptography, and server hardening.",Cybersecurity Specialist
"Meticulous Database Administrator with deep knowledge of database architecture, clustering, backup, and performance optimization. Expert in MySQL, PostgreSQL, and SQL scripting.",Database Administrator
"Dedicated Security Specialist with focus on information security, risk mitigation, and threat analysis. Skilled in network firewalls, penetration testing, cryptography, and server hardening.",Cybersecurity Specialist
"Strategic Product Manager with a track record of delivering user-friendly products. Experienced in agile methodologies, product roadmapping, customer research, and cross-functional team leadership.",Product Manager
"Strategic Product Manager with a track record of delivering user-friendly products. Experienced in agile methodologies, product roadmapping, customer research, and cross-functional team leadership.",Product Manager
"Reliable DevOps Engineer with extensive experience in cloud automation and infrastructure management. Hands-on with AWS, Docker, Kubernetes, CI/CD pipelines, and Linux administration. Focuses on automation and reliability.",DevOps Engineer
"Strategic Product Manager with a track record of delivering user-friendly products. Experienced in agile methodologies, product roadmapping, customer research, and cross-functional team leadership.",Product Manager
"Detail-oriented Data Scientist with expertise in statistical analysis, machine learning, and data mining. Proficient in Python, SQL, Pandas, NumPy, and Scikit-learn. Adept at turning complex datasets into actionable business insights.",Data Scientist
"Results-driven Digital Marketer specialized in driving user growth through organic and paid media. Proficient in SEO, SEM, content strategy, Google Analytics, and running campaign structures.",Digital Marketer
"Detail-oriented Data Scientist with expertise in statistical analysis, machine learning, and data mining. Proficient in Python, SQL, Pandas, NumPy, and Scikit-learn. Adept at turning complex datasets into actionable business insights.",Data Scientist
"Strategic Product Manager with a track record of delivering user-friendly products. Experienced in agile methodologies, product roadmapping, customer research, and cross-functional team leadership.",Product Manager
"Reliable DevOps Engineer with extensive experience in cloud automation and infrastructure management. Hands-on with AWS, Docker, Kubernetes, CI/CD pipelines, and Linux administration. Focuses on automation and reliability.",DevOps Engineer
"Experienced Software Developer with a strong background in building web applications. Highly skilled in Python, JavaScript, React, Node.js, and git. Passionate about algorithms and designing scalable backend architectures.",Software Engineer
"Experienced Software Developer with a strong background in building web applications. Highly skilled in Python, JavaScript, React, Node.js, and git. Passionate about algorithms and designing scalable backend architectures.",Software Engineer
"Meticulous Database Administrator with deep knowledge of database architecture, clustering, backup, and performance optimization. Expert in MySQL, PostgreSQL, and SQL scripting.",Database Administrator
"Reliable DevOps Engineer with extensive experience in cloud automation and infrastructure management. Hands-on with AWS, Docker, Kubernetes, CI/CD pipelines, and Linux administration. Focuses on automation and reliability.",DevOps Engineer
"Dedicated Security Specialist with focus on information security, risk mitigation, and threat analysis. Skilled in network firewalls, penetration testing, cryptography, and server hardening.",Cybersecurity Specialist
"Reliable DevOps Engineer with extensive experience in cloud automation and infrastructure management. Hands-on with AWS, Docker, Kubernetes, CI/CD pipelines, and Linux administration. Focuses on automation and reliability.",DevOps Engineer
"Experienced Software Developer with a strong background in building web applications. Highly skilled in Python, JavaScript, React, Node.js, and git. Passionate about algorithms and designing scalable backend architectures.",Software Engineer
"Detail-oriented Data Scientist with expertise in statistical analysis, machine learning, and data mining. Proficient in Python, SQL, Pandas, NumPy, and Scikit-learn. Adept at turning complex datasets into actionable business insights.",Data Scientist
"Creative UI/UX Designer specializing in user research, wireframing, and interactive prototyping. Proficient in Figma, Sketch, and Adobe Creative Suite. Dedicated to designing user-centric, aesthetically pleasing interfaces.",UI/UX Designer
"Creative UI/UX Designer specializing in user research, wireframing, and interactive prototyping. Proficient in Figma, Sketch, and Adobe Creative Suite. Dedicated to designing user-centric, aesthetically pleasing interfaces.",UI/UX Designer
"Detail-oriented Data Scientist with expertise in statistical analysis, machine learning, and data mining. Proficient in Python, SQL, Pandas, NumPy, and Scikit-learn. Adept at turning complex datasets into actionable business insights.",Data Scientist
"Results-driven Digital Marketer specialized in driving user growth through organic and paid media. Proficient in SEO, SEM, content strategy, Google Analytics, and running campaign structures.",Digital Marketer
"Detail-oriented Data Scientist with expertise in statistical analysis, machine learning, and data mining. Proficient in Python, SQL, Pandas, NumPy, and Scikit-learn. Adept at turning complex datasets into actionable business insights.",Data Scientist
"Strategic Product Manager with a track record of delivering user-friendly products. Experienced in agile methodologies, product roadmapping, customer research, and cross-functional team leadership.",Product Manager
"Strategic Product Manager with a track record of delivering user-friendly products. Experienced in agile methodologies, product roadmapping, customer research, and cross-functional team leadership.",Product Manager
"Experienced Software Developer with a strong background in building web applications. Highly skilled in Python, JavaScript, React, Node.js, and git. Passionate about algorithms and designing scalable backend architectures.",Software Engineer
"Dedicated Security Specialist with focus on information security, risk mitigation, and threat analysis. Skilled in network firewalls, penetration testing, cryptography, and server hardening.",Cybersecurity Specialist
"Dedicated Security Specialist with focus on information security, risk mitigation, and threat analysis. Skilled in network firewalls, penetration testing, cryptography, and server hardening.",Cybersecurity Specialist
"Detail-oriented Data Scientist with expertise in statistical analysis, machine learning, and data mining. Proficient in Python, SQL, Pandas, NumPy, and Scikit-learn. Adept at turning complex datasets into actionable business insights.",Data Scientist
"Dedicated Security Specialist with focus on information security, risk mitigation, and threat analysis. Skilled in network firewalls, penetration testing, cryptography, and server hardening.",Cybersecurity Specialist
"Dedicated Security Specialist with focus on information security, risk mitigation, and threat analysis. Skilled in network firewalls, penetration testing, cryptography, and server hardening.",Cybersecurity Specialist
"Creative UI/UX Designer specializing in user research, wireframing, and interactive prototyping. Proficient in Figma, Sketch, and Adobe Creative Suite. Dedicated to designing user-centric, aesthetically pleasing interfaces.",UI/UX Designer
"Meticulous Database Administrator with deep knowledge of database architecture, clustering, backup, and performance optimization. Expert in MySQL, PostgreSQL, and SQL scripting.",Database Administrator
"Dedicated Security Specialist with focus on information security, risk mitigation, and threat analysis. Skilled in network firewalls, penetration testing, cryptography, and server hardening.",Cybersecurity Specialist
"Results-driven Digital Marketer specialized in driving user growth through organic and paid media. Proficient in SEO, SEM, content strategy, Google Analytics, and running campaign structures.",Digital Marketer
"Meticulous Database Administrator with deep knowledge of database architecture, clustering, backup, and performance optimization. Expert in MySQL, PostgreSQL, and SQL scripting.",Database Administrator
"Detail-oriented Data Scientist with expertise in statistical analysis, machine learning, and data mining. Proficient in Python, SQL, Pandas, NumPy, and Scikit-learn. Adept at turning complex datasets into actionable business insights.",Data Scientist
"Results-driven Digital Marketer specialized in driving user growth through organic and paid media. Proficient in SEO, SEM, content strategy, Google Analytics, and running campaign structures.",Digital Marketer
"Creative UI/UX Designer specializing in user research, wireframing, and interactive prototyping. Proficient in Figma, Sketch, and Adobe Creative Suite. Dedicated to designing user-centric, aesthetically pleasing interfaces.",UI/UX Designer
"Results-driven Digital Marketer specialized in driving user growth through organic and paid media. Proficient in SEO, SEM, content strategy, Google Analytics, and running campaign structures.",Digital Marketer
"Creative UI/UX Designer specializing in user research, wireframing, and interactive prototyping. Proficient in Figma, Sketch, and Adobe Creative Suite. Dedicated to designing user-centric, aesthetically pleasing interfaces.",UI/UX Designer
"Detail-oriented Data Scientist with expertise in statistical analysis, machine learning, and data mining. Proficient in Python, SQL, Pandas, NumPy, and Scikit-learn. Adept at turning complex datasets into actionable business insights.",Data Scientist
"Meticulous Database Administrator with deep knowledge of database architecture, clustering, backup, and performance optimization. Expert in MySQL, PostgreSQL, and SQL scripting.",Database Administrator
"Strategic Product Manager with a track record of delivering user-friendly products. Experienced in agile methodologies, product roadmapping, customer research, and cross-functional team leadership.",Product Manager
"Dedicated Security Specialist with focus on information security, risk mitigation, and threat analysis. Skilled in network firewalls, penetration testing, cryptography, and server hardening.",Cybersecurity Specialist
"Reliable DevOps Engineer with extensive experience in cloud automation and infrastructure management. Hands-on with AWS, Docker, Kubernetes, CI/CD pipelines, and Linux administration. Focuses on automation and reliability.",DevOps Engineer
"Dedicated Security Specialist with focus on information security, risk mitigation, and threat analysis. Skilled in network firewalls, penetration testing, cryptography, and server hardening.",Cybersecurity Specialist
"Detail-oriented Data Scientist with expertise in statistical analysis, machine learning, and data mining. Proficient in Python, SQL, Pandas, NumPy, and Scikit-learn. Adept at turning complex datasets into actionable business insights.",Data Scientist
"Meticulous Database Administrator with deep knowledge of database architecture, clustering, backup, and performance optimization. Expert in MySQL, PostgreSQL, and SQL scripting.",Database Administrator
"Creative UI/UX Designer specializing in user research, wireframing, and interactive prototyping. Proficient in Figma, Sketch, and Adobe Creative Suite. Dedicated to designing user-centric, aesthetically pleasing interfaces.",UI/UX Designer
"Meticulous Database Administrator with deep knowledge of database architecture, clustering, backup, and performance optimization. Expert in MySQL, PostgreSQL, and SQL scripting.",Database Administrator
"Creative UI/UX Designer specializing in user research, wireframing, and interactive prototyping. Proficient in Figma, Sketch, and Adobe Creative Suite. Dedicated to designing user-centric, aesthetically pleasing interfaces.",UI/UX Designer
"Meticulous Database Administrator with deep knowledge of database architecture, clustering, backup, and performance optimization. Expert in MySQL, PostgreSQL, and SQL scripting.",Database Administrator
"Experienced Software Developer with a strong background in building web applications. Highly skilled in Python, JavaScript, React, Node.js, and git. Passionate about algorithms and designing scalable backend architectures.",Software Engineer
"Experienced Software Developer with a strong background in building web applications. Highly skilled in Python, JavaScript, React, Node.js, and git. Passionate about algorithms and designing scalable backend architectures.",Software Engineer
"Meticulous Database Administrator with deep knowledge of database architecture, clustering, backup, and performance optimization. Expert in MySQL, PostgreSQL, and SQL scripting.",Database Administrator
"Meticulous Database Administrator with deep knowledge of database architecture, clustering, backup, and performance optimization. Expert in MySQL, PostgreSQL, and SQL scripting.",Database Administrator
"Dedicated Security Specialist with focus on information security, risk mitigation, and threat analysis. Skilled in network firewalls, penetration testing, cryptography, and server hardening.",Cybersecurity Specialist
"Meticulous Database Administrator with deep knowledge of database architecture, clustering, backup, and performance optimization. Expert in MySQL, PostgreSQL, and SQL scripting.",Database Administrator
"Creative UI/UX Designer specializing in user research, wireframing, and interactive prototyping. Proficient in Figma, Sketch, and Adobe Creative Suite. Dedicated to designing user-centric, aesthetically pleasing interfaces.",UI/UX Designer
"Reliable DevOps Engineer with extensive experience in cloud automation and infrastructure management. Hands-on with AWS, Docker, Kubernetes, CI/CD pipelines, and Linux administration. Focuses on automation and reliability.",DevOps Engineer
"Results-driven Digital Marketer specialized in driving user growth through organic and paid media. Proficient in SEO, SEM, content strategy, Google Analytics, and running campaign structures.",Digital Marketer
"Creative UI/UX Designer specializing in user research, wireframing, and interactive prototyping. Proficient in Figma, Sketch, and Adobe Creative Suite. Dedicated to designing user-centric, aesthetically pleasing interfaces.",UI/UX Designer
"Dedicated Security Specialist with focus on information security, risk mitigation, and threat analysis. Skilled in network firewalls, penetration testing, cryptography, and server hardening.",Cybersecurity Specialist
"Meticulous Database Administrator with deep knowledge of database architecture, clustering, backup, and performance optimization. Expert in MySQL, PostgreSQL, and SQL scripting.",Database Administrator
"Results-driven Digital Marketer specialized in driving user growth through organic and paid media. Proficient in SEO, SEM, content strategy, Google Analytics, and running campaign structures.",Digital Marketer
"Strategic Product Manager with a track record of delivering user-friendly products. Experienced in agile methodologies, product roadmapping, customer research, and cross-functional team leadership.",Product Manager
"Detail-oriented Data Scientist with expertise in statistical analysis, machine learning, and data mining. Proficient in Python, SQL, Pandas, NumPy, and Scikit-learn. Adept at turning complex datasets into actionable business insights.",Data Scientist
"Detail-oriented Data Scientist with expertise in statistical analysis, machine learning, and data mining. Proficient in Python, SQL, Pandas, NumPy, and Scikit-learn. Adept at turning complex datasets into actionable business insights.",Data Scientist
"Dedicated Security Specialist with focus on information security, risk mitigation, and threat analysis. Skilled in network firewalls, penetration testing, cryptography, and server hardening.",Cybersecurity Specialist
"Detail-oriented Data Scientist with expertise in statistical analysis, machine learning, and data mining. Proficient in Python, SQL, Pandas, NumPy, and Scikit-learn. Adept at turning complex datasets into actionable business insights.",Data Scientist
"Detail-oriented Data Scientist with expertise in statistical analysis, machine learning, and data mining. Proficient in Python, SQL, Pandas, NumPy, and Scikit-learn. Adept at turning complex datasets into actionable business insights.",Data Scientist
"Experienced Software Developer with a strong background in building web applications. Highly skilled in Python, JavaScript, React, Node.js, and git. Passionate about algorithms and designing scalable backend architectures.",Software Engineer
"Detail-oriented Data Scientist with expertise in statistical analysis, machine learning, and data mining. Proficient in Python, SQL, Pandas, NumPy, and Scikit-learn. Adept at turning complex datasets into actionable business insights.",Data Scientist
"Meticulous Database Administrator with deep knowledge of database architecture, clustering, backup, and performance optimization. Expert in MySQL, PostgreSQL, and SQL scripting.",Database Administrator
"Strategic Product Manager with a track record of delivering user-friendly products. Experienced in agile methodologies, product roadmapping, customer research, and cross-functional team leadership.",Product Manager
"Reliable DevOps Engineer with extensive experience in cloud automation and infrastructure management. Hands-on with AWS, Docker, Kubernetes, CI/CD pipelines, and Linux administration. Focuses on automation and reliability.",DevOps Engineer
"Meticulous Database Administrator with deep knowledge of database architecture, clustering, backup, and performance optimization. Expert in MySQL, PostgreSQL, and SQL scripting.",Database Administrator
"Detail-oriented Data Scientist with expertise in statistical analysis, machine learning, and data mining. Proficient in Python, SQL, Pandas, NumPy, and Scikit-learn. Adept at turning complex datasets into actionable business insights.",Data Scientist
"Reliable DevOps Engineer with extensive experience in cloud automation and infrastructure management. Hands-on with AWS, Docker, Kubernetes, CI/CD pipelines, and Linux administration. Focuses on automation and reliability.",DevOps Engineer
"Dedicated Security Specialist with focus on information security, risk mitigation, and threat analysis. Skilled in network firewalls, penetration testing, cryptography, and server hardening.",Cybersecurity Specialist
"Reliable DevOps Engineer with extensive experience in cloud automation and infrastructure management. Hands-on with AWS, Docker, Kubernetes, CI/CD pipelines, and Linux administration. Focuses on automation and reliability.",DevOps Engineer
"Strategic Product Manager with a track record of delivering user-friendly products. Experienced in agile methodologies, product roadmapping, customer research, and cross-functional team leadership.",Product Manager
"Detail-oriented Data Scientist with expertise in statistical analysis, machine learning, and data mining. Proficient in Python, SQL, Pandas, NumPy, and Scikit-learn. Adept at turning complex datasets into actionable business insights.",Data Scientist
"Detail-oriented Data Scientist with expertise in statistical analysis, machine learning, and data mining. Proficient in Python, SQL, Pandas, NumPy, and Scikit-learn. Adept at turning complex datasets into actionable business insights.",Data Scientist
"Meticulous Database Administrator with deep knowledge of database architecture, clustering, backup, and performance optimization. Expert in MySQL, PostgreSQL, and SQL scripting.",Database Administrator
"Reliable DevOps Engineer with extensive experience in cloud automation and infrastructure management. Hands-on with AWS, Docker, Kubernetes, CI/CD pipelines, and Linux administration. Focuses on automation and reliability.",DevOps Engineer
"Creative UI/UX Designer specializing in user research, wireframing, and interactive prototyping. Proficient in Figma, Sketch, and Adobe Creative Suite. Dedicated to designing user-centric, aesthetically pleasing interfaces.",UI/UX Designer
"Meticulous Database Administrator with deep knowledge of database architecture, clustering, backup, and performance optimization. Expert in MySQL, PostgreSQL, and SQL scripting.",Database Administrator
"Meticulous Database Administrator with deep knowledge of database architecture, clustering, backup, and performance optimization. Expert in MySQL, PostgreSQL, and SQL scripting.",Database Administrator
"Creative UI/UX Designer specializing in user research, wireframing, and interactive prototyping. Proficient in Figma, Sketch, and Adobe Creative Suite. Dedicated to designing user-centric, aesthetically pleasing interfaces.",UI/UX Designer
"Creative UI/UX Designer specializing in user research, wireframing, and interactive prototyping. Proficient in Figma, Sketch, and Adobe Creative Suite. Dedicated to designing user-centric, aesthetically pleasing interfaces.",UI/UX Designer
"Meticulous Database Administrator with deep knowledge of database architecture, clustering, backup, and performance optimization. Expert in MySQL, PostgreSQL, and SQL scripting.",Database Administrator
"Meticulous Database Administrator with deep knowledge of database architecture, clustering, backup, and performance optimization. Expert in MySQL, PostgreSQL, and SQL scripting.",Database Administrator
"Creative UI/UX Designer specializing in user research, wireframing, and interactive prototyping. Proficient in Figma, Sketch, and Adobe Creative Suite. Dedicated to designing user-centric, aesthetically pleasing interfaces.",UI/UX Designer
"Strategic Product Manager with a track record of delivering user-friendly products. Experienced in agile methodologies, product roadmapping, customer research, and cross-functional team leadership.",Product Manager
"Detail-oriented Data Scientist with expertise in statistical analysis, machine learning, and data mining. Proficient in Python, SQL, Pandas, NumPy, and Scikit-learn. Adept at turning complex datasets into actionable business insights.",Data Scientist
"Detail-oriented Data Scientist with expertise in statistical analysis, machine learning, and data mining. Proficient in Python, SQL, Pandas, NumPy, and Scikit-learn. Adept at turning complex datasets into actionable business insights.",Data Scientist
"Creative UI/UX Designer specializing in user research, wireframing, and interactive prototyping. Proficient in Figma, Sketch, and Adobe Creative Suite. Dedicated to designing user-centric, aesthetically pleasing interfaces.",UI/UX Designer
"Meticulous Database Administrator with deep knowledge of database architecture, clustering, backup, and performance optimization. Expert in MySQL, PostgreSQL, and SQL scripting.",Database Administrator
"Results-driven Digital Marketer specialized in driving user growth through organic and paid media. Proficient in SEO, SEM, content strategy, Google Analytics, and running campaign structures.",Digital Marketer
"Creative UI/UX Designer specializing in user research, wireframing, and interactive prototyping. Proficient in Figma, Sketch, and Adobe Creative Suite. Dedicated to designing user-centric, aesthetically pleasing interfaces.",UI/UX Designer
"Strategic Product Manager with a track record of delivering user-friendly products. Experienced in agile methodologies, product roadmapping, customer research, and cross-functional team leadership.",Product Manager
"Meticulous Database Administrator with deep knowledge of database architecture, clustering, backup, and performance optimization. Expert in MySQL, PostgreSQL, and SQL scripting.",Database Administrator
"Creative UI/UX Designer specializing in user research, wireframing, and interactive prototyping. Proficient in Figma, Sketch, and Adobe Creative Suite. Dedicated to designing user-centric, aesthetically pleasing interfaces.",UI/UX Designer
"Creative UI/UX Designer specializing in user research, wireframing, and interactive prototyping. Proficient in Figma, Sketch, and Adobe Creative Suite. Dedicated to designing user-centric, aesthetically pleasing interfaces.",UI/UX Designer
"Meticulous Database Administrator with deep knowledge of database architecture, clustering, backup, and performance optimization. Expert in MySQL, PostgreSQL, and SQL scripting.",Database Administrator
"Reliable DevOps Engineer with extensive experience in cloud automation and infrastructure management. Hands-on with AWS, Docker, Kubernetes, CI/CD pipelines, and Linux administration. Focuses on automation and reliability.",DevOps Engineer
"Strategic Product Manager with a track record of delivering user-friendly products. Experienced in agile methodologies, product roadmapping, customer research, and cross-functional team leadership.",Product Manager
"Creative UI/UX Designer specializing in user research, wireframing, and interactive prototyping. Proficient in Figma, Sketch, and Adobe Creative Suite. Dedicated to designing user-centric, aesthetically pleasing interfaces.",UI/UX Designer
"Meticulous Database Administrator with deep knowledge of database architecture, clustering, backup, and performance optimization. Expert in MySQL, PostgreSQL, and SQL scripting.",Database Administrator
"Dedicated Security Specialist with focus on information security, risk mitigation, and threat analysis. Skilled in network firewalls, penetration testing, cryptography, and server hardening.",Cybersecurity Specialist
"Results-driven Digital Marketer specialized in driving user growth through organic and paid media. Proficient in SEO, SEM, content strategy, Google Analytics, and running campaign structures.",Digital Marketer
"Experienced Software Developer with a strong background in building web applications. Highly skilled in Python, JavaScript, React, Node.js, and git. Passionate about algorithms and designing scalable backend architectures.",Software Engineer
"Detail-oriented Data Scientist with expertise in statistical analysis, machine learning, and data mining. Proficient in Python, SQL, Pandas, NumPy, and Scikit-learn. Adept at turning complex datasets into actionable business insights.",Data Scientist
"Detail-oriented Data Scientist with expertise in statistical analysis, machine learning, and data mining. Proficient in Python, SQL, Pandas, NumPy, and Scikit-learn. Adept at turning complex datasets into actionable business insights.",Data Scientist
"Results-driven Digital Marketer specialized in driving user growth through organic and paid media. Proficient in SEO, SEM, content strategy, Google Analytics, and running campaign structures.",Digital Marketer
"Detail-oriented Data Scientist with expertise in statistical analysis, machine learning, and data mining. Proficient in Python, SQL, Pandas, NumPy, and Scikit-learn. Adept at turning complex datasets into actionable business insights.",Data Scientist
"Reliable DevOps Engineer with extensive experience in cloud automation and infrastructure management. Hands-on with AWS, Docker, Kubernetes, CI/CD pipelines, and Linux administration. Focuses on automation and reliability.",DevOps Engineer
"Creative UI/UX Designer specializing in user research, wireframing, and interactive prototyping. Proficient in Figma, Sketch, and Adobe Creative Suite. Dedicated to designing user-centric, aesthetically pleasing interfaces.",UI/UX Designer
"Reliable DevOps Engineer with extensive experience in cloud automation and infrastructure management. Hands-on with AWS, Docker, Kubernetes, CI/CD pipelines, and Linux administration. Focuses on automation and reliability.",DevOps Engineer
"Detail-oriented Data Scientist with expertise in statistical analysis, machine learning, and data mining. Proficient in Python, SQL, Pandas, NumPy, and Scikit-learn. Adept at turning complex datasets into actionable business insights.",Data Scientist
"Creative UI/UX Designer specializing in user research, wireframing, and interactive prototyping. Proficient in Figma, Sketch, and Adobe Creative Suite. Dedicated to designing user-centric, aesthetically pleasing interfaces.",UI/UX Designer
"Creative UI/UX Designer specializing in user research, wireframing, and interactive prototyping. Proficient in Figma, Sketch, and Adobe Creative Suite. Dedicated to designing user-centric, aesthetically pleasing interfaces.",UI/UX Designer
"Meticulous Database Administrator with deep knowledge of database architecture, clustering, backup, and performance optimization. Expert in MySQL, PostgreSQL, and SQL scripting.",Database Administrator
"Dedicated Security Specialist with focus on information security, risk mitigation, and threat analysis. Skilled in network firewalls, penetration testing, cryptography, and server hardening.",Cybersecurity Specialist
"Experienced Software Developer with a strong background in building web applications. Highly skilled in Python, JavaScript, React, Node.js, and git. Passionate about algorithms and designing scalable backend architectures.",Software Engineer
"Results-driven Digital Marketer specialized in driving user growth through organic and paid media. Proficient in SEO, SEM, content strategy, Google Analytics, and running campaign structures.",Digital Marketer
"Creative UI/UX Designer specializing in user research, wireframing, and interactive prototyping. Proficient in Figma, Sketch, and Adobe Creative Suite. Dedicated to designing user-centric, aesthetically pleasing interfaces.",UI/UX Designer
"Dedicated Security Specialist with focus on information security, risk mitigation, and threat analysis. Skilled in network firewalls, penetration testing, cryptography, and server hardening.",Cybersecurity Specialist
"Dedicated Security Specialist with focus on information security, risk mitigation, and threat analysis. Skilled in network firewalls, penetration testing, cryptography, and server hardening.",Cybersecurity Specialist
"Experienced Software Developer with a strong background in building web applications. Highly skilled in Python, JavaScript, React, Node.js, and git. Passionate about algorithms and designing scalable backend architectures.",Software Engineer
"Reliable DevOps Engineer with extensive experience in cloud automation and infrastructure management. Hands-on with AWS, Docker, Kubernetes, CI/CD pipelines, and Linux administration. Focuses on automation and reliability.",DevOps Engineer
"Experienced Software Developer with a strong background in building web applications. Highly skilled in Python, JavaScript, React, Node.js, and git. Passionate about algorithms and designing scalable backend architectures.",Software Engineer
"Reliable DevOps Engineer with extensive experience in cloud automation and infrastructure management. Hands-on with AWS, Docker, Kubernetes, CI/CD pipelines, and Linux administration. Focuses on automation and reliability.",DevOps Engineer
"Meticulous Database Administrator with deep knowledge of database architecture, clustering, backup, and performance optimization. Expert in MySQL, PostgreSQL, and SQL scripting.",Database Administrator
"Reliable DevOps Engineer with extensive experience in cloud automation and infrastructure management. Hands-on with AWS, Docker, Kubernetes, CI/CD pipelines, and Linux administration. Focuses on automation and reliability.",DevOps Engineer
"Reliable DevOps Engineer with extensive experience in cloud automation and infrastructure management. Hands-on with AWS, Docker, Kubernetes, CI/CD pipelines, and Linux administration. Focuses on automation and reliability.",DevOps Engineer
"Meticulous Database Administrator with deep knowledge of database architecture, clustering, backup, and performance optimization. Expert in MySQL, PostgreSQL, and SQL scripting.",Database Administrator
"Experienced Software Developer with a strong background in building web applications. Highly skilled in Python, JavaScript, React, Node.js, and git. Passionate about algorithms and designing scalable backend architectures.",Software Engineer
"Detail-oriented Data Scientist with expertise in statistical analysis, machine learning, and data mining. Proficient in Python, SQL, Pandas, NumPy, and Scikit-learn. Adept at turning complex datasets into actionable business insights.",Data Scientist
"Detail-oriented Data Scientist with expertise in statistical analysis, machine learning, and data mining. Proficient in Python, SQL, Pandas, NumPy, and Scikit-learn. Adept at turning complex datasets into actionable business insights.",Data Scientist
"Creative UI/UX Designer specializing in user research, wireframing, and interactive prototyping. Proficient in Figma, Sketch, and Adobe Creative Suite. Dedicated to designing user-centric, aesthetically pleasing interfaces.",UI/UX Designer
"Experienced Software Developer with a strong background in building web applications. Highly skilled in Python, JavaScript, React, Node.js, and git. Passionate about algorithms and designing scalable backend architectures.",Software Engineer
"Dedicated Security Specialist with focus on information security, risk mitigation, and threat analysis. Skilled in network firewalls, penetration testing, cryptography, and server hardening.",Cybersecurity Specialist
"Detail-oriented Data Scientist with expertise in statistical analysis, machine learning, and data mining. Proficient in Python, SQL, Pandas, NumPy, and Scikit-learn. Adept at turning complex datasets into actionable business insights.",Data Scientist
"Reliable DevOps Engineer with extensive experience in cloud automation and infrastructure management. Hands-on with AWS, Docker, Kubernetes, CI/CD pipelines, and Linux administration. Focuses on automation and reliability.",DevOps Engineer
"Meticulous Database Administrator with deep knowledge of database architecture, clustering, backup, and performance optimization. Expert in MySQL, PostgreSQL, and SQL scripting.",Database Administrator
"Detail-oriented Data Scientist with expertise in statistical analysis, machine learning, and data mining. Proficient in Python, SQL, Pandas, NumPy, and Scikit-learn. Adept at turning complex datasets into actionable business insights.",Data Scientist
"Dedicated Security Specialist with focus on information security, risk mitigation, and threat analysis. Skilled in network firewalls, penetration testing, cryptography, and server hardening.",Cybersecurity Specialist
"Results-driven Digital Marketer specialized in driving user growth through organic and paid media. Proficient in SEO, SEM, content strategy, Google Analytics, and running campaign structures.",Digital Marketer
"Detail-oriented Data Scientist with expertise in statistical analysis, machine learning, and data mining. Proficient in Python, SQL, Pandas, NumPy, and Scikit-learn. Adept at turning complex datasets into actionable business insights.",Data Scientist
"Reliable DevOps Engineer with extensive experience in cloud automation and infrastructure management. Hands-on with AWS, Docker, Kubernetes, CI/CD pipelines, and Linux administration. Focuses on automation and reliability.",DevOps Engineer
"Results-driven Digital Marketer specialized in driving user growth through organic and paid media. Proficient in SEO, SEM, content strategy, Google Analytics, and running campaign structures.",Digital Marketer
"Detail-oriented Data Scientist with expertise in statistical analysis, machine learning, and data mining. Proficient in Python, SQL, Pandas, NumPy, and Scikit-learn. Adept at turning complex datasets into actionable business insights.",Data Scientist
"Creative UI/UX Designer specializing in user research, wireframing, and interactive prototyping. Proficient in Figma, Sketch, and Adobe Creative Suite. Dedicated to designing user-centric, aesthetically pleasing interfaces.",UI/UX Designer
"Results-driven Digital Marketer specialized in driving user growth through organic and paid media. Proficient in SEO, SEM, content strategy, Google Analytics, and running campaign structures.",Digital Marketer
"Dedicated Security Specialist with focus on information security, risk mitigation, and threat analysis. Skilled in network firewalls, penetration testing, cryptography, and server hardening.",Cybersecurity Specialist
"Dedicated Security Specialist with focus on information security, risk mitigation, and threat analysis. Skilled in network firewalls, penetration testing, cryptography, and server hardening.",Cybersecurity Specialist
"Reliable DevOps Engineer with extensive experience in cloud automation and infrastructure management. Hands-on with AWS, Docker, Kubernetes, CI/CD pipelines, and Linux administration. Focuses on automation and reliability.",DevOps Engineer
"Dedicated Security Specialist with focus on information security, risk mitigation, and threat analysis. Skilled in network firewalls, penetration testing, cryptography, and server hardening.",Cybersecurity Specialist
"Meticulous Database Administrator with deep knowledge of database architecture, clustering, backup, and performance optimization. Expert in MySQL, PostgreSQL, and SQL scripting.",Database Administrator
"Results-driven Digital Marketer specialized in driving user growth through organic and paid media. Proficient in SEO, SEM, content strategy, Google Analytics, and running campaign structures.",Digital Marketer
